{
  "sample_id": 4302,
  "final_var": 0.17074143944301187,
  "reward": -0.9707414394430118,
  "final_mean_s": 14.207426287328062,
  "min_s_over_episode": 13.381420868185565,
  "soft_penalty_sum": 0.7999999999999999,
  "actions": [
    117,
    67,
    50,
    0,
    107,
    6,
    13,
    118,
    40,
    85,
    26,
    66,
    98,
    24,
    58,
    17,
    108,
    36,
    60,
    8,
    92,
    14,
    103,
    78,
    49,
    27,
    62,
    2,
    109,
    45,
    15,
    72,
    12,
    106,
    28,
    61,
    55,
    3,
    46,
    88,
    75,
    53,
    116,
    95,
    81,
    4,
    57,
    18,
    100,
    38,
    71,
    114,
    25,
    104,
    7,
    19,
    87,
    86,
    112,
    32,
    37,
    89,
    69,
    99,
    76,
    34,
    79,
    16,
    52,
    96,
    59,
    74,
    47,
    9,
    64,
    70,
    21,
    5,
    41,
    77,
    29,
    113,
    48,
    84,
    105,
    110,
    119,
    39,
    35,
    65,
    22,
    68,
    83,
    54,
    73,
    90,
    115,
    43,
    102,
    101,
    33,
    91,
    11,
    20,
    82,
    44,
    97,
    51,
    31,
    94,
    56,
    10,
    1,
    93,
    23,
    30,
    42,
    63,
    111,
    80
  ],
  "groups": [
    [
      "J105_R",
      "J64_R",
      "J52_L",
      "J11_L"
    ],
    [
      "J96_R",
      "J14_L",
      "J21_R",
      "J106_L"
    ],
    [
      "J43_L",
      "J81_R",
      "J32_L",
      "J64_L"
    ],
    [
      "J92_L",
      "J31_L",
      "J56_L",
      "J23_R"
    ],
    [
      "J101_L",
      "J41_L",
      "J61_L",
      "J15_L"
    ],
    [
      "J85_L",
      "J22_L",
      "J94_R",
      "J74_L"
    ],
    [
      "J51_R",
      "J32_R",
      "J62_L",
      "J12_L"
    ],
    [
      "J101_R",
      "J45_R",
      "J22_R",
      "J71_L"
    ],
    [
      "J21_L",
      "J96_L",
      "J33_L",
      "J61_R"
    ],
    [
      "J54_R",
      "J12_R",
      "J46_L",
      "J83_L"
    ],
    [
      "J72_R",
      "J53_R",
      "J105_L",
      "J86_R"
    ],
    [
      "J75_R",
      "J13_L",
      "J55_R",
      "J24_L"
    ],
    [
      "J93_L",
      "J42_L",
      "J66_R",
      "J104_L"
    ],
    [
      "J31_R",
      "J95_L",
      "J14_R",
      "J24_R"
    ],
    [
      "J82_R",
      "J82_L",
      "J103_L",
      "J35_L"
    ],
    [
      "J41_R",
      "J83_R",
      "J65_R",
      "J92_R"
    ],
    [
      "J73_L",
      "J36_L",
      "J74_R",
      "J23_L"
    ],
    [
      "J53_L",
      "J91_L",
      "J56_R",
      "J72_L"
    ],
    [
      "J46_R",
      "J15_R",
      "J63_L",
      "J66_L"
    ],
    [
      "J25_R",
      "J13_R",
      "J43_R",
      "J73_R"
    ],
    [
      "J33_R",
      "J103_R",
      "J51_L",
      "J81_L"
    ],
    [
      "J95_R",
      "J102_L",
      "J106_R",
      "J42_R"
    ],
    [
      "J36_R",
      "J63_R",
      "J26_L",
      "J65_L"
    ],
    [
      "J76_R",
      "J54_L",
      "J71_R",
      "J84_L"
    ],
    [
      "J104_R",
      "J44_R",
      "J94_L",
      "J93_R"
    ],
    [
      "J35_R",
      "J84_R",
      "J16_R",
      "J25_L"
    ],
    [
      "J76_L",
      "J45_L",
      "J91_R",
      "J52_R"
    ],
    [
      "J34_R",
      "J86_L",
      "J55_L",
      "J16_L"
    ],
    [
      "J11_R",
      "J85_R",
      "J26_R",
      "J34_L"
    ],
    [
      "J44_L",
      "J62_R",
      "J102_R",
      "J75_L"
    ]
  ],
  "group_scores": [
    13.636460293131144,
    13.836940317485514,
    14.164028177943973,
    13.911587616036055,
    14.23790036619425,
    14.089380879393428,
    14.014733580842883,
    14.089380879393428,
    13.711107591681689,
    14.014733580842883,
    14.691596062756801,
    14.393006868554625,
    14.238675476494517,
    14.134476150086858,
    14.380323182973076,
    13.860402188782775,
    14.46765416710517,
    13.381420868185565,
    14.27934341224919,
    14.393006868554625,
    14.18671493894097,
    14.238675476494517,
    14.250566494692343,
    14.07397449712781,
    14.309173691406865,
    15.350033468332477,
    14.439155500848887,
    15.172240204975104,
    13.636460293131144,
    14.639635525203254
  ]
}