{
  "sample_id": 1897,
  "final_var": 0.1634482798633711,
  "reward": 0.7676703165728398,
  "final_mean_s": 14.159027477602075,
  "min_s_over_episode": 13.523719851317981,
  "soft_penalty_sum": 0.39999999999999997,
  "actions": [
    25,
    102,
    35,
    64,
    36,
    17,
    3,
    84,
    117,
    98,
    51,
    74,
    109,
    89,
    26,
    65,
    2,
    111,
    104,
    92,
    81,
    49,
    18,
    37,
    58,
    61,
    0,
    67,
    29,
    73,
    103,
    12,
    87,
    50,
    42,
    82,
    105,
    119,
    41,
    114,
    24,
    80,
    44,
    52,
    10,
    85,
    15,
    79,
    14,
    106,
    69,
    110,
    20,
    48,
    39,
    112,
    101,
    8,
    63,
    27,
    7,
    19,
    34,
    28,
    77,
    72,
    47,
    93,
    86,
    88,
    68,
    97,
    13,
    100,
    90,
    66,
    116,
    53,
    99,
    1,
    115,
    6,
    59,
    94,
    75,
    57,
    118,
    83,
    43,
    46,
    9,
    33,
    60,
    31,
    107,
    23,
    62,
    95,
    78,
    55,
    45,
    113,
    16,
    32,
    96,
    5,
    108,
    70,
    54,
    91,
    38,
    76,
    21,
    56,
    30,
    4,
    11,
    40,
    22,
    71
  ],
  "groups": [
    [
      "J31_R",
      "J94_L",
      "J36_R",
      "J63_L"
    ],
    [
      "J41_L",
      "J23_R",
      "J12_R",
      "J81_L"
    ],
    [
      "J105_R",
      "J92_L",
      "J52_R",
      "J72_L"
    ],
    [
      "J101_R",
      "J83_R",
      "J32_L",
      "J63_R"
    ],
    [
      "J12_L",
      "J102_R",
      "J95_L",
      "J85_L"
    ],
    [
      "J75_R",
      "J51_R",
      "J24_L",
      "J41_R"
    ],
    [
      "J56_L",
      "J61_R",
      "J11_L",
      "J64_R"
    ],
    [
      "J33_R",
      "J71_R",
      "J94_R",
      "J21_L"
    ],
    [
      "J82_R",
      "J52_L",
      "J44_L",
      "J76_L"
    ],
    [
      "J95_R",
      "J106_R",
      "J43_R",
      "J104_L"
    ],
    [
      "J31_L",
      "J75_L",
      "J45_L",
      "J53_L"
    ],
    [
      "J16_L",
      "J81_R",
      "J22_R",
      "J74_R"
    ],
    [
      "J22_L",
      "J96_L",
      "J65_R",
      "J102_L"
    ],
    [
      "J25_L",
      "J51_L",
      "J42_R",
      "J103_L"
    ],
    [
      "J93_R",
      "J15_L",
      "J62_R",
      "J32_R"
    ],
    [
      "J14_R",
      "J24_R",
      "J36_L",
      "J33_L"
    ],
    [
      "J73_R",
      "J71_L",
      "J46_R",
      "J85_R"
    ],
    [
      "J82_L",
      "J83_L",
      "J65_L",
      "J91_R"
    ],
    [
      "J21_R",
      "J93_L",
      "J84_L",
      "J64_L"
    ],
    [
      "J105_L",
      "J53_R",
      "J92_R",
      "J11_R"
    ],
    [
      "J104_R",
      "J14_L",
      "J56_R",
      "J86_L"
    ],
    [
      "J72_R",
      "J55_R",
      "J106_L",
      "J76_R"
    ],
    [
      "J44_R",
      "J46_L",
      "J15_R",
      "J35_R"
    ],
    [
      "J61_L",
      "J34_R",
      "J96_R",
      "J26_R"
    ],
    [
      "J62_L",
      "J86_R",
      "J74_L",
      "J54_R"
    ],
    [
      "J45_R",
      "J103_R",
      "J23_L",
      "J35_L"
    ],
    [
      "J91_L",
      "J13_R",
      "J101_L",
      "J66_L"
    ],
    [
      "J54_L",
      "J84_R",
      "J42_L",
      "J73_L"
    ],
    [
      "J25_R",
      "J55_L",
      "J34_L",
      "J13_L"
    ],
    [
      "J16_R",
      "J43_L",
      "J26_L",
      "J66_R"
    ]
  ],
  "group_scores": [
    13.523719851317981,
    14.014733580842883,
    14.313322775045062,
    14.164028177943973,
    14.014733580842883,
    14.112067640390425,
    13.636460293131144,
    13.711107591681689,
    14.439155500848887,
    14.460912733891462,
    13.78575489023223,
    14.215213605197253,
    14.089380879393428,
    14.409603472991773,
    14.415693629551622,
    13.580847530939106,
    14.199807222931636,
    14.0028250055616,
    13.711107591681689,
    13.636460293131144,
    14.771280156266368,
    13.928177707011056,
    13.635530765176721,
    14.804195113840098,
    14.513802799399429,
    14.46765416710517,
    14.393006868554625,
    14.238675476494517,
    14.393006868554625,
    15.188558558111687
  ]
}