{
  "sample_id": 3756,
  "final_var": 0.16485836736695691,
  "reward": -0.6648583673669569,
  "final_mean_s": 14.322773729775527,
  "min_s_over_episode": 13.636460293131144,
  "soft_penalty_sum": 0.5,
  "actions": [
    67,
    117,
    0,
    50,
    107,
    6,
    13,
    118,
    26,
    40,
    85,
    98,
    58,
    24,
    66,
    17,
    108,
    8,
    78,
    36,
    60,
    92,
    14,
    103,
    109,
    49,
    27,
    2,
    72,
    45,
    62,
    15,
    61,
    95,
    46,
    106,
    3,
    75,
    55,
    12,
    28,
    116,
    53,
    88,
    4,
    57,
    18,
    71,
    38,
    7,
    100,
    114,
    87,
    25,
    9,
    21,
    81,
    89,
    77,
    35,
    86,
    112,
    41,
    64,
    52,
    70,
    16,
    37,
    34,
    79,
    105,
    76,
    104,
    96,
    110,
    59,
    113,
    47,
    69,
    19,
    48,
    32,
    99,
    84,
    5,
    29,
    39,
    22,
    68,
    102,
    74,
    119,
    54,
    65,
    90,
    43,
    73,
    91,
    33,
    83,
    115,
    11,
    101,
    97,
    20,
    44,
    82,
    51,
    56,
    31,
    94,
    1,
    10,
    93,
    23,
    30,
    42,
    63,
    111,
    80
  ],
  "groups": [
    [
      "J64_R",
      "J105_R",
      "J11_L",
      "J52_L"
    ],
    [
      "J96_R",
      "J14_L",
      "J21_R",
      "J106_L"
    ],
    [
      "J32_L",
      "J43_L",
      "J81_R",
      "J92_L"
    ],
    [
      "J56_L",
      "J31_L",
      "J64_L",
      "J23_R"
    ],
    [
      "J101_L",
      "J15_L",
      "J74_L",
      "J41_L"
    ],
    [
      "J61_L",
      "J85_L",
      "J22_L",
      "J94_R"
    ],
    [
      "J101_R",
      "J51_R",
      "J32_R",
      "J12_L"
    ],
    [
      "J71_L",
      "J45_R",
      "J62_L",
      "J22_R"
    ],
    [
      "J61_R",
      "J86_R",
      "J46_L",
      "J96_L"
    ],
    [
      "J12_R",
      "J72_R",
      "J54_R",
      "J21_L"
    ],
    [
      "J33_L",
      "J105_L",
      "J53_R",
      "J83_L"
    ],
    [
      "J13_L",
      "J55_R",
      "J24_L",
      "J66_R"
    ],
    [
      "J42_L",
      "J14_R",
      "J93_L",
      "J104_L"
    ],
    [
      "J82_R",
      "J31_R",
      "J15_R",
      "J25_R"
    ],
    [
      "J75_R",
      "J83_R",
      "J73_R",
      "J36_R"
    ],
    [
      "J82_L",
      "J103_L",
      "J43_R",
      "J63_L"
    ],
    [
      "J53_L",
      "J66_L",
      "J23_L",
      "J41_R"
    ],
    [
      "J36_L",
      "J74_R",
      "J95_R",
      "J73_L"
    ],
    [
      "J95_L",
      "J91_L",
      "J102_L",
      "J56_R"
    ],
    [
      "J103_R",
      "J46_R",
      "J65_R",
      "J24_R"
    ],
    [
      "J51_L",
      "J35_L",
      "J92_R",
      "J81_L"
    ],
    [
      "J13_R",
      "J33_R",
      "J42_R",
      "J26_L"
    ],
    [
      "J65_L",
      "J94_L",
      "J72_L",
      "J106_R"
    ],
    [
      "J54_L",
      "J63_R",
      "J84_L",
      "J44_R"
    ],
    [
      "J71_R",
      "J84_R",
      "J35_R",
      "J76_R"
    ],
    [
      "J104_R",
      "J16_R",
      "J93_R",
      "J91_R"
    ],
    [
      "J25_L",
      "J45_L",
      "J76_L",
      "J52_R"
    ],
    [
      "J55_L",
      "J34_R",
      "J86_L",
      "J11_R"
    ],
    [
      "J16_L",
      "J85_R",
      "J26_R",
      "J34_L"
    ],
    [
      "J44_L",
      "J62_R",
      "J102_R",
      "J75_L"
    ]
  ],
  "group_scores": [
    13.636460293131144,
    13.836940317485514,
    14.164028177943973,
    13.911587616036055,
    14.23790036619425,
    14.089380879393428,
    14.014733580842883,
    14.089380879393428,
    14.261362237491515,
    13.836940317485514,
    14.542301465655715,
    14.393006868554625,
    14.616173653905992,
    14.134476150086858,
    14.034046368501954,
    14.616948764206256,
    14.112067640390425,
    14.034046368501954,
    14.474934545836547,
    14.84592745481691,
    14.18671493894097,
    14.393006868554625,
    14.588450097949973,
    14.995222051917999,
    14.32563994873546,
    14.978265449051847,
    14.787876760703515,
    13.636460293131144,
    15.269296013222082,
    14.639635525203254
  ]
}