{
  "sample_id": 1860,
  "final_var": 0.44797648982817245,
  "reward": 0.1597100213564778,
  "final_mean_s": 13.948964297766178,
  "min_s_over_episode": 12.528542708027523,
  "soft_penalty_sum": 0.8500000000000001,
  "actions": [
    47,
    41,
    11,
    39,
    46,
    86,
    108,
    45,
    56,
    81,
    65,
    71,
    112,
    102,
    18,
    50,
    97,
    98,
    5,
    85,
    95,
    3,
    29,
    40,
    76,
    24,
    104,
    84,
    107,
    61,
    27,
    54,
    93,
    14,
    118,
    79,
    48,
    82,
    16,
    73,
    42,
    113,
    2,
    51,
    119,
    17,
    9,
    64,
    96,
    26,
    36,
    111,
    109,
    90,
    100,
    91,
    25,
    70,
    38,
    101,
    63,
    15,
    53,
    44,
    99,
    105,
    28,
    114,
    66,
    60,
    57,
    110,
    13,
    37,
    72,
    75,
    92,
    59,
    31,
    49,
    74,
    78,
    77,
    35,
    1,
    33,
    62,
    89,
    55,
    20,
    4,
    0,
    12,
    94,
    80,
    68,
    69,
    67,
    115,
    88,
    116,
    83,
    117,
    19,
    43,
    103,
    8,
    7,
    32,
    52,
    22,
    87,
    23,
    30,
    10,
    58,
    106,
    6,
    21,
    34
  ],
  "groups": [
    [
      "J46_R",
      "J43_R",
      "J16_R",
      "J42_R"
    ],
    [
      "J46_L",
      "J82_L",
      "J101_L",
      "J45_R"
    ],
    [
      "J55_L",
      "J75_R",
      "J63_R",
      "J66_R"
    ],
    [
      "J103_L",
      "J94_L",
      "J24_L",
      "J52_L"
    ],
    [
      "J91_R",
      "J92_L",
      "J13_R",
      "J81_R"
    ],
    [
      "J86_R",
      "J12_R",
      "J33_R",
      "J43_L"
    ],
    [
      "J73_L",
      "J31_L",
      "J95_L",
      "J81_L"
    ],
    [
      "J96_R",
      "J61_R",
      "J32_R",
      "J54_L"
    ],
    [
      "J85_R",
      "J22_L",
      "J106_L",
      "J74_R"
    ],
    [
      "J51_L",
      "J76_L",
      "J23_L",
      "J71_R"
    ],
    [
      "J44_L",
      "J103_R",
      "J12_L",
      "J52_R"
    ],
    [
      "J106_R",
      "J23_R",
      "J15_R",
      "J63_L"
    ],
    [
      "J91_L",
      "J32_L",
      "J41_L",
      "J102_R"
    ],
    [
      "J101_R",
      "J84_L",
      "J93_L",
      "J84_R"
    ],
    [
      "J31_R",
      "J66_L",
      "J42_L",
      "J93_R"
    ],
    [
      "J62_R",
      "J22_R",
      "J53_R",
      "J45_L"
    ],
    [
      "J92_R",
      "J95_R",
      "J33_L",
      "J104_L"
    ],
    [
      "J64_L",
      "J61_L",
      "J55_R",
      "J102_L"
    ],
    [
      "J21_R",
      "J41_R",
      "J71_L",
      "J72_R"
    ],
    [
      "J85_L",
      "J56_R",
      "J34_R",
      "J51_R"
    ],
    [
      "J72_L",
      "J74_L",
      "J73_R",
      "J36_R"
    ],
    [
      "J11_R",
      "J35_R",
      "J62_L",
      "J83_R"
    ],
    [
      "J54_R",
      "J25_L",
      "J13_L",
      "J11_L"
    ],
    [
      "J21_L",
      "J86_L",
      "J75_L",
      "J65_L"
    ],
    [
      "J65_R",
      "J64_R",
      "J104_R",
      "J83_L"
    ],
    [
      "J105_L",
      "J76_R",
      "J105_R",
      "J24_R"
    ],
    [
      "J44_R",
      "J94_R",
      "J15_L",
      "J14_R"
    ],
    [
      "J35_L",
      "J53_L",
      "J26_L",
      "J82_R"
    ],
    [
      "J26_R",
      "J34_L",
      "J16_L",
      "J56_L"
    ],
    [
      "J96_L",
      "J14_L",
      "J25_R",
      "J36_L"
    ]
  ],
  "group_scores": [
    12.528542708027523,
    13.015179989401513,
    13.581900892539934,
    14.690820952456537,
    14.393006868554625,
    14.014733580842883,
    13.78575489023223,
    14.164028177943973,
    14.089380879393428,
    14.312547664744795,
    14.014733580842883,
    14.593486892908995,
    13.9862349145866,
    13.459565973720444,
    13.78575489023223,
    14.089380879393428,
    14.542301465655715,
    13.87349447277344,
    13.711107591681689,
    13.924679900026721,
    12.878317329482982,
    13.636460293131144,
    13.374425254216895,
    13.711107591681689,
    13.310271376619358,
    14.760893011876313,
    12.937034883866634,
    15.263205856662232,
    15.269296013222082,
    14.771280156266368
  ]
}